-- phpMyAdmin SQL Dump
-- version 5.2.1
-- https://www.phpmyadmin.net/
--
-- Servidor: 127.0.0.1
-- Tiempo de generación: 08-11-2023 a las 22:35:19
-- Versión del servidor: 10.4.28-MariaDB
-- Versión de PHP: 8.2.4

SET SQL_MODE = "NO_AUTO_VALUE_ON_ZERO";
START TRANSACTION;
SET time_zone = "+00:00";


/*!40101 SET @OLD_CHARACTER_SET_CLIENT=@@CHARACTER_SET_CLIENT */;
/*!40101 SET @OLD_CHARACTER_SET_RESULTS=@@CHARACTER_SET_RESULTS */;
/*!40101 SET @OLD_COLLATION_CONNECTION=@@COLLATION_CONNECTION */;
/*!40101 SET NAMES utf8mb4 */;

--
-- Base de datos: `facturacion`
--

-- --------------------------------------------------------

--
-- Estructura de tabla para la tabla `cantidad_producto`
--

CREATE TABLE `cantidad_producto` (
  `id` int(11) NOT NULL,
  `id_producto` int(11) NOT NULL,
  `cantidad` decimal(7,2) NOT NULL,
  `metrica` varchar(30) DEFAULT 'UND'
) ENGINE=InnoDB DEFAULT CHARSET=utf8mb4 COLLATE=utf8mb4_general_ci;

--
-- Volcado de datos para la tabla `cantidad_producto`
--

INSERT INTO `cantidad_producto` (`id`, `id_producto`, `cantidad`, `metrica`) VALUES
(1, 1, 13.24, 'UND'),
(2, 2, 2.00, 'UND'),
(3, 3, 2.00, 'UND'),
(4, 4, 2.00, 'UND'),
(5, 5, 12.00, 'UND'),
(6, 6, 12.00, 'UND'),
(7, 7, 15.00, 'UND'),
(8, 8, 15.00, 'UND'),
(9, 9, 2.00, 'UND');

-- --------------------------------------------------------

--
-- Estructura de tabla para la tabla `cliente`
--

CREATE TABLE `cliente` (
  `cedula` int(11) NOT NULL,
  `nombre` int(11) NOT NULL,
  `telefono` varchar(50) NOT NULL,
  `direccion` mediumtext NOT NULL
) ENGINE=InnoDB DEFAULT CHARSET=utf8mb4 COLLATE=utf8mb4_general_ci;

-- --------------------------------------------------------

--
-- Estructura de tabla para la tabla `detalle_factura`
--

CREATE TABLE `detalle_factura` (
  `id` int(11) NOT NULL,
  `id_producto` int(20) NOT NULL,
  `cantidad` int(10) NOT NULL,
  `id_factura` int(20) NOT NULL,
  `precio` decimal(12,2) NOT NULL,
  `total` decimal(12,2) NOT NULL
) ENGINE=InnoDB DEFAULT CHARSET=utf8mb4 COLLATE=utf8mb4_general_ci;

-- --------------------------------------------------------

--
-- Estructura de tabla para la tabla `factura`
--

CREATE TABLE `factura` (
  `id` int(11) NOT NULL,
  `monto` decimal(11,2) NOT NULL,
  `moneda` varchar(40) NOT NULL,
  `id_usuario` int(11) NOT NULL,
  `cliente` int(20) NOT NULL
) ENGINE=InnoDB DEFAULT CHARSET=utf8mb4 COLLATE=utf8mb4_general_ci;

-- --------------------------------------------------------

--
-- Estructura de tabla para la tabla `niveles_usuario`
--

CREATE TABLE `niveles_usuario` (
  `id` int(11) NOT NULL,
  `nombre` varchar(30) NOT NULL,
  `descripcion` tinytext DEFAULT NULL
) ENGINE=InnoDB DEFAULT CHARSET=utf8mb4 COLLATE=utf8mb4_general_ci;

--
-- Volcado de datos para la tabla `niveles_usuario`
--

INSERT INTO `niveles_usuario` (`id`, `nombre`, `descripcion`) VALUES
(1, 'admin', 'Mayor nivel de usuario'),
(2, 'cajero', 'Menor nivel de usuario');

-- --------------------------------------------------------

--
-- Estructura de tabla para la tabla `productos`
--

CREATE TABLE `productos` (
  `id` int(11) NOT NULL,
  `nombre` varchar(150) NOT NULL,
  `precio` decimal(20,2) NOT NULL,
  `moneda` varchar(10) NOT NULL DEFAULT 'Bs',
  `tipo` varchar(100) NOT NULL
) ENGINE=InnoDB DEFAULT CHARSET=utf8mb4 COLLATE=utf8mb4_general_ci;

--
-- Volcado de datos para la tabla `productos`
--

INSERT INTO `productos` (`id`, `nombre`, `precio`, `moneda`, `tipo`) VALUES
(1, 'bistec', 20.00, 'Bs', 'Carnes'),
(2, 'pollo', 1.00, 'Bs', 'Carnes'),
(3, 'pollo1', 30.00, 'Bs', 'Carnes'),
(4, 'pollo2', 0.00, 'Bs', 'Carnes'),
(5, 'pollo4', 0.00, 'Bs', 'Carnes'),
(6, 'pollo5', 0.00, 'Bs', 'Carnes'),
(7, 'pollo6', 0.00, 'Bs', 'Carnes'),
(8, 'pollo7', 0.00, 'Bs', 'Carnes'),
(9, 'pollo8', 0.00, 'Bs', 'Carnes');

-- --------------------------------------------------------

--
-- Estructura de tabla para la tabla `users`
--

CREATE TABLE `users` (
  `id` int(11) NOT NULL,
  `username` varchar(30) NOT NULL,
  `password` varchar(30) NOT NULL,
  `nivel` int(10) NOT NULL
) ENGINE=InnoDB DEFAULT CHARSET=utf8mb4 COLLATE=utf8mb4_general_ci;

--
-- Volcado de datos para la tabla `users`
--

INSERT INTO `users` (`id`, `username`, `password`, `nivel`) VALUES
(1, 'admin', '123', 1),
(2, 'user', '123', 2);

--
-- Índices para tablas volcadas
--

--
-- Indices de la tabla `cantidad_producto`
--
ALTER TABLE `cantidad_producto`
  ADD PRIMARY KEY (`id`),
  ADD KEY `FK_id_producto` (`id_producto`);

--
-- Indices de la tabla `cliente`
--
ALTER TABLE `cliente`
  ADD PRIMARY KEY (`cedula`);

--
-- Indices de la tabla `detalle_factura`
--
ALTER TABLE `detalle_factura`
  ADD PRIMARY KEY (`id`),
  ADD KEY `FK_id_factura` (`id_factura`),
  ADD KEY `FK_id_producto_detalle` (`id_producto`);

--
-- Indices de la tabla `factura`
--
ALTER TABLE `factura`
  ADD PRIMARY KEY (`id`),
  ADD KEY `FK_id_usuario` (`id_usuario`),
  ADD KEY `FK_cliente` (`cliente`);

--
-- Indices de la tabla `niveles_usuario`
--
ALTER TABLE `niveles_usuario`
  ADD PRIMARY KEY (`id`);

--
-- Indices de la tabla `productos`
--
ALTER TABLE `productos`
  ADD PRIMARY KEY (`id`);

--
-- Indices de la tabla `users`
--
ALTER TABLE `users`
  ADD PRIMARY KEY (`id`),
  ADD KEY `nivel_usuario` (`nivel`);

--
-- AUTO_INCREMENT de las tablas volcadas
--

--
-- AUTO_INCREMENT de la tabla `cantidad_producto`
--
ALTER TABLE `cantidad_producto`
  MODIFY `id` int(11) NOT NULL AUTO_INCREMENT, AUTO_INCREMENT=11;

--
-- AUTO_INCREMENT de la tabla `detalle_factura`
--
ALTER TABLE `detalle_factura`
  MODIFY `id` int(11) NOT NULL AUTO_INCREMENT;

--
-- AUTO_INCREMENT de la tabla `factura`
--
ALTER TABLE `factura`
  MODIFY `id` int(11) NOT NULL AUTO_INCREMENT;

--
-- AUTO_INCREMENT de la tabla `niveles_usuario`
--
ALTER TABLE `niveles_usuario`
  MODIFY `id` int(11) NOT NULL AUTO_INCREMENT, AUTO_INCREMENT=3;

--
-- AUTO_INCREMENT de la tabla `productos`
--
ALTER TABLE `productos`
  MODIFY `id` int(11) NOT NULL AUTO_INCREMENT, AUTO_INCREMENT=10;

--
-- AUTO_INCREMENT de la tabla `users`
--
ALTER TABLE `users`
  MODIFY `id` int(11) NOT NULL AUTO_INCREMENT, AUTO_INCREMENT=3;

--
-- Restricciones para tablas volcadas
--

--
-- Filtros para la tabla `cantidad_producto`
--
ALTER TABLE `cantidad_producto`
  ADD CONSTRAINT `FK_id_producto` FOREIGN KEY (`id_producto`) REFERENCES `productos` (`id`) ON DELETE CASCADE ON UPDATE CASCADE;

--
-- Filtros para la tabla `detalle_factura`
--
ALTER TABLE `detalle_factura`
  ADD CONSTRAINT `FK_id_factura` FOREIGN KEY (`id_factura`) REFERENCES `factura` (`id`) ON DELETE CASCADE ON UPDATE CASCADE,
  ADD CONSTRAINT `FK_id_producto_detalle` FOREIGN KEY (`id_producto`) REFERENCES `productos` (`id`);

--
-- Filtros para la tabla `factura`
--
ALTER TABLE `factura`
  ADD CONSTRAINT `FK_cliente` FOREIGN KEY (`cliente`) REFERENCES `cliente` (`cedula`) ON DELETE CASCADE ON UPDATE CASCADE,
  ADD CONSTRAINT `FK_id_usuario` FOREIGN KEY (`id_usuario`) REFERENCES `users` (`id`) ON DELETE CASCADE ON UPDATE CASCADE;

--
-- Filtros para la tabla `users`
--
ALTER TABLE `users`
  ADD CONSTRAINT `nivel_usuario` FOREIGN KEY (`nivel`) REFERENCES `niveles_usuario` (`id`);
COMMIT;

/*!40101 SET CHARACTER_SET_CLIENT=@OLD_CHARACTER_SET_CLIENT */;
/*!40101 SET CHARACTER_SET_RESULTS=@OLD_CHARACTER_SET_RESULTS */;
/*!40101 SET COLLATION_CONNECTION=@OLD_COLLATION_CONNECTION */;
